seed,feature1,feature2,feature3,feature4,feature5
passordhvelv,Secure password generation,Auto-fill across devices,End-to-end encryption,Two-factor authentication,Shared vaults for teams
e-signatur,Legally binding e-signatures,Real-time document tracking,Reusable templates,Audit trail logging,API integration
CRM,Comprehensive contact management,Lead scoring and prioritization,Sales pipeline visualization,Email automation,Customizable dashboard
e-postmarkedsf√∏ring,Drag-and-drop campaign builder,A/B testing for subject lines,Advanced audience segmentation,Automated workflows,Detailed performance analytics
helpdesk,Multi-channel ticketing system,Service level agreement tracking,Built-in knowledge base,Automated ticket routing,Customer satisfaction surveys
prosjektstyring,Gantt chart planning,Task assignment and tracking,Time tracking and reporting,Team collaboration tools,Budget monitoring
fakturering,Automated invoice generation,Multi-currency support,Payment reminders and notifications,Bank reconciliation,Tax and VAT reporting
HRM,Employee records and profiles,Leave and absence management,Time and attendance tracking,Payroll integration,Recruitment workflow
VPN,Military-grade encryption,Global server network,No-logs privacy policy,Automatic kill switch,Multi-platform support
cloud storage,Real-time file synchronization,Granular access permissions,Automated backups,Shared folder collaboration,End-to-end encryption
