seed,tool_name,affiliate_link
passordhvelv,1Password,https://aff.link/1password
passordhvelv,Bitwarden,https://aff.link/bitwarden
passordhvelv,Dashlane,https://aff.link/dashlane
e-signatur,DocuSign,https://aff.link/docusign
e-signatur,Adobe Sign,https://aff.link/adobesign
e-signatur,SignRequest,https://aff.link/signrequest
CRM,HubSpot CRM,https://aff.link/hubspot
CRM,Zoho CRM,https://aff.link/zoho
CRM,Pipedrive,https://aff.link/pipedrive
e-postmarkedsføring,Mailchimp,https://aff.link/mailchimp
e-postmarkedsføring,Sendinblue,https://aff.link/sendinblue
e-postmarkedsføring,ActiveCampaign,https://aff.link/activecampaign
helpdesk,Freshdesk,https://aff.link/freshdesk
helpdesk,Zendesk,https://aff.link/zendesk
helpdesk,Help Scout,https://aff.link/helpscout
prosjektstyring,Asana,https://aff.link/asana
prosjektstyring,Trello,https://aff.link/trello
prosjektstyring,Monday.com,https://aff.link/monday
fakturering,FreshBooks,https://aff.link/freshbooks
fakturering,QuickBooks,https://aff.link/quickbooks
fakturering,Zoho Invoice,https://aff.link/zohoinvoice
HRM,BambooHR,https://aff.link/bamboohr
HRM,Workday,https://aff.link/workday
HRM,Zoho People,https://aff.link/zohoppl
VPN,NordVPN,https://aff.link/nordvpn
VPN,ExpressVPN,https://aff.link/expressvpn
VPN,CyberGhost,https://aff.link/cyberghost
cloud storage,Google Drive,https://aff.link/googledrive
cloud storage,Dropbox,https://aff.link/dropbox
cloud storage,OneDrive,https://aff.link/onedrive
